INSERT INTO Pelicula (titulo, anyo, pais, genero, calificacion, duracion, estreno, sinopsis) VALUES
('Onward', '2020', 'EEUU', 'Fantasía', 'TP', '103', '2020-03-06', 'Hace mucho tiempo el mundo estaba lleno de maravillas y existía la magia. Como no era fácil controlarla, se decidió buscar una forma mas sencilla de hacerlo funcionar. Hoy ese mundo está poblado de elfos, hadas, trolls, pegasos y unicornios, pero se ha perdido la magia por completo. En los suburbios de este mundo de fantasía viven dos hermanos, los elfos adolescentes Ian y Barley Lightfoot. Sus vidas cambiarán por completo cuando lean una carta que su padre les grabó antes de morir. Junto con esa carta, el padre les ha dejado un bastón de mago como herencia. Será entonces cuando se embarquen en una extraordinaria misión para descubrir si todavía hay magia en el mundo, y para pasar un día con su padre. ¿Quedará al menos un poco de magia en ellos para conseguirlo?'),
('Adú', '2020', 'España', 'Drama', '+16', '119', '2020-01-31', 'Un niño de seis años y su hermano mayor esperan, agazapados en una pista de aterrizaje en Camerún, el momento adecuado para colarse en un avión que les lleve a Europa. No demasiado lejos de allí, un activista medioambiental contempla horrorizado a un elefante muerto y sin colmillos. Además de luchar contra la caza furtiva, este hombre deberá también superar los problemas que surgirán al reencontrarse con su hija, recién llegada de España. Miles de kilómetros al norte, en Melilla, un grupo de guardias civiles se prepara para enfrentarse al numeroso grupo de subsaharianos que trata de cruzar la frontera. Estas tres historias están unidas por un tema central, y ninguno de sus protagonistas sabe que sus destinos están condenados a cruzarse.'),
('Parásitos', '2019', 'Corea del Sur', 'Suspense', '+16', '132', '2019-09-21', 'Ki-taek (Kang-ho Song) es el patriarca de una familia pobre que malvive en un piso bajo en Seúl, pagando las facturas a base de trabajos precarios y robando el wi-fi de los vecinos. Su situación cambia un día en el que su hijo logra que le recomienden para dar clases particulares de inglés en casa de los Park, una familia acaudalada. Utilizando su ingenio, el joven conseguirá ganarse la confianza de la señora de la casa, y así irá introduciendo, poco a poco, al resto de sus familiares en distintos trabajos del servicio doméstico. Será el comienzo de un engranaje incontrolable, del cual nadie saldrá realmente indemne.'),
('Las aventuras del Doctor Dolittle', '2020', 'EEUU', 'Aventura', 'TP', '126', '2020-01-17', 'El afamado y excéntrico Dr. Dolittle (Robert Downey Jr.) es un médico veterinario de la Inglaterra victoriana. Aislado en su mansión, Dolittle vive junto a sus animales exóticos, que son su única compañía. Pero cuando la joven reina Victoria (Jessie Buckley) cae gravemente enferma, este peculiar doctor tendrá que viajar hasta una mítica isla en busca de una cura. Muy a su pesar, Dolittle abandonará su vida de ermitaño para embarcarse en una épica aventura, en la que poco a poco recuperará su sentido del humor y su coraje, a medida que se encuentre con viejos adversarios y descubra maravillosas criaturas. En su viaje le acompañará su joven ayudante Tommy (Harry Collett), además de todo un séquito de variopintos animales. Esta comedia familiar está basada en el clásico de la literatura infantil creado por Hugh John Lofting.'),
('Jumanji: Siguiente nivel', '2019', 'EEUU', 'Acción', '+7', '123', '2019-12-13', 'Secuela de Jumanji: Bienvenidos a la jungla (2017), inspirada en la película original de Joe Johnston Jumanji (1995), que protagonizó Robin Williams. En esta ocasión, continúan las aventuras en el fantástico mundo del juego Jumanji, donde nada es lo que parece y donde los jugadores no pueden abandonar el juego hasta que acabe la partida. En esta ocasión, vuelve la misma pandilla que conocemos pero el juego ha cambiado: sus personajes se han intercambiado entre sí, son los mismos héroes pero con distinta apariencia. Con el objetivo de rescatar a uno de los suyos, los jugadores vivirán emocionantes y divertidas aventuras en lugares desconocidos e inexplorados, desde desiertos áridos hasta montañas nevadas, para escapar del juego más peligroso del mundo.'),
('Frozen 2', '2019', 'EEUU', 'Fantasía', 'TP', '103', '2019-11-22', 'Continúan las aventuras de las hermanas de Arendelle. Elsa y Anna, junto a Kristoff, el reno Sven y el muñeco de nieve Olaf, regresan en esta segunda parte de la película de animación de Disney Frozen: El reino del hielo (2013). Esta vez, el reino ha dejado de ser seguro desde que Elsa comienza a escuchar extrañas voces que la llaman en busca la respuestas. Un secreto de su pasado será la clave para solucionar los problemas actuales del reino de Arendelle. Elsa, junto a sus fieles amigos, se adentrarán en lo desconocido y viajarán por un antiguo bosque encantado. Juntos se proponen encontrar el origen de los poderes de Elsa para salvar su reino.');

INSERT INTO Sala (idSala, aforo, tipo3D) VALUES
('1', 220, false),
('2', 200, true),
('3', 170, false),
('4', 200, false),
('5', 170, false);

INSERT INTO Tarifa (nombre,descripcion, precio) VALUES
('Entrada normal', 'Entrada normal', 6.50),
('Día del espectador','Los miércoles disfruta del día del espectador', 5.50),
('Día en pareja', 'Día en pareja, disfruta los jueves de nuestro 2*1', 3.25),
('Sesión matinal', 'Sábados y domingos a las 12:00', 5.50),
('Sala 3D','Sesiones en la sala 3D', 7.50);

INSERT INTO Proyeccion (fecha, hora, titulo, idSala, idTarifa) VALUES
('2020-05-25', '15:00:00', 'Onward', '1', '1'),
('2020-05-25', '18:00:00', 'Onward', '1', '1'),
('2020-05-25', '18:30:00', 'Adú', '4', '1'),
('2020-05-25', '20:30:00', 'Adú', '1', '1'),
('2020-05-25', '21:30:00', 'Adú', '4', '1'),
('2020-05-25', '19:00:00', 'Parásitos', '3', '1'),
('2020-05-25', '15:00:00', 'Frozen 2', '3', '1'),
('2020-05-25', '17:00:00', 'Frozen 2', '5', '1'),
('2020-05-25', '19:00:00', 'Las aventuras del Doctor Dolittle', '5', '1'),
('2020-05-25', '21:30:00', 'Las aventuras del Doctor Dolittle', '5', '1'),
('2020-05-25', '19:00:00', 'Jumanji: Siguiente nivel', '2', '5'),
('2020-05-25', '21:30:00', 'Jumanji: Siguiente nivel', '2', '5'),
('2020-05-25', '22:30:00', 'Jumanji: Siguiente nivel', '3', '1'),
('2020-05-25', '23:00:00', 'Parásitos', '1', '1'),
('2020-05-26', '15:00:00', 'Onward', '1', '1'),
('2020-05-26', '18:00:00', 'Onward', '1', '1'),
('2020-05-26', '18:30:00', 'Adú', '4', '1'),
('2020-05-26', '20:30:00', 'Adú', '1', '1'),
('2020-05-26', '21:30:00', 'Adú', '4', '1'),
('2020-05-26', '19:00:00', 'Parásitos', '3', '1'),
('2020-05-26', '15:00:00', 'Frozen 2', '3', '1'),
('2020-05-26', '17:00:00', 'Frozen 2', '5', '1'),
('2020-05-26', '19:00:00', 'Las aventuras del Doctor Dolittle', '5', '1'),
('2020-05-26', '21:30:00', 'Las aventuras del Doctor Dolittle', '5', '1'),
('2020-05-26', '19:00:00', 'Jumanji: Siguiente nivel', '2', '5'),
('2020-05-26', '21:30:00', 'Jumanji: Siguiente nivel', '2', '5'),
('2020-05-26', '22:30:00', 'Jumanji: Siguiente nivel', '3', '1'),
('2020-05-26', '23:00:00', 'Parásitos', '1', '1'),
('2020-05-27', '15:00:00', 'Onward', '1', '2'),
('2020-05-27', '18:00:00', 'Onward', '1', '2'),
('2020-05-27', '18:30:00', 'Adú', '4', '2'),
('2020-05-27', '20:30:00', 'Adú', '1', '2'),
('2020-05-27', '21:30:00', 'Adú', '4', '2'),
('2020-05-27', '19:00:00', 'Parásitos', '3', '2'),
('2020-05-27', '15:00:00', 'Frozen 2', '3', '2'),
('2020-05-27', '17:00:00', 'Frozen 2', '5', '2'),
('2020-05-27', '19:00:00', 'Las aventuras del Doctor Dolittle', '5', '2'),
('2020-05-27', '21:30:00', 'Las aventuras del Doctor Dolittle', '5', '2'),
('2020-05-27', '19:00:00', 'Jumanji: Siguiente nivel', '2', '5'),
('2020-05-27', '21:30:00', 'Jumanji: Siguiente nivel', '2', '5'),
('2020-05-27', '22:30:00', 'Jumanji: Siguiente nivel', '3', '2'),
('2020-05-27', '23:00:00', 'Parásitos', '1', '2'),
('2020-05-28', '15:00:00', 'Onward', '1', '3'),
('2020-05-28', '18:00:00', 'Onward', '1', '3'),
('2020-05-28', '18:30:00', 'Adú', '4', '3'),
('2020-05-28', '20:30:00', 'Adú', '1', '3'),
('2020-05-28', '21:30:00', 'Adú', '4', '3'),
('2020-05-28', '19:00:00', 'Parásitos', '3', '3'),
('2020-05-28', '15:00:00', 'Frozen 2', '3', '3'),
('2020-05-28', '17:00:00', 'Frozen 2', '5', '3'),
('2020-05-28', '19:00:00', 'Las aventuras del Doctor Dolittle', '5', '3'),
('2020-05-28', '21:30:00', 'Las aventuras del Doctor Dolittle', '5', '3'),
('2020-05-28', '19:00:00', 'Jumanji: Siguiente nivel', '2', '5'),
('2020-05-28', '21:30:00', 'Jumanji: Siguiente nivel', '2', '5'),
('2020-05-28', '22:30:00', 'Jumanji: Siguiente nivel', '3', '3'),
('2020-05-28', '23:00:00', 'Parásitos', '1', '3'),
('2020-05-29', '15:00:00', 'Onward', '1', '1'),
('2020-05-29', '18:00:00', 'Onward', '1', '1'),
('2020-05-29', '18:30:00', 'Adú', '4', '1'),
('2020-05-29', '20:30:00', 'Adú', '1', '1'),
('2020-05-29', '21:30:00', 'Adú', '4', '1'),
('2020-05-29', '21:30:00', 'Adú', '4', '1'),
('2020-05-29', '00:15:00', 'Adú', '4', '1'),
('2020-05-29', '19:00:00', 'Parásitos', '3', '1'),
('2020-05-29', '15:00:00', 'Frozen 2', '3', '1'),
('2020-05-29', '17:00:00', 'Frozen 2', '5', '1'),
('2020-05-29', '19:00:00', 'Las aventuras del Doctor Dolittle', '5', '1'),
('2020-05-29', '21:30:00', 'Las aventuras del Doctor Dolittle', '5', '1'),
('2020-05-29', '00:30:00', 'Las aventuras del Doctor Dolittle', '5', '1'),
('2020-05-29', '19:00:00', 'Jumanji: Siguiente nivel', '2', '5'),
('2020-05-29', '21:30:00', 'Jumanji: Siguiente nivel', '2', '5'),
('2020-05-29', '00:15:00', 'Jumanji: Siguiente nivel', '2', '5'),
('2020-05-29', '22:30:00', 'Jumanji: Siguiente nivel', '3', '1'),
('2020-05-29', '23:00:00', 'Parásitos', '1', '1'),
('2020-05-30', '12:00:00', 'Onward', '1', '4'),
('2020-05-30', '15:00:00', 'Onward', '1', '1'),
('2020-05-30', '18:00:00', 'Onward', '1', '1'),
('2020-05-30', '18:30:00', 'Adú', '4', '1'),
('2020-05-30', '20:30:00', 'Adú', '1', '1'),
('2020-05-30', '21:30:00', 'Adú', '4', '1'),
('2020-05-30', '21:30:00', 'Adú', '4', '1'),
('2020-05-30', '00:15:00', 'Adú', '4', '1'),
('2020-05-30', '19:00:00', 'Parásitos', '3', '1'),
('2020-05-30', '12:00:00', 'Frozen 2', '3', '4'),
('2020-05-30', '15:00:00', 'Frozen 2', '3', '1'),
('2020-05-30', '17:00:00', 'Frozen 2', '5', '1'),
('2020-05-30', '12:00:00', 'Las aventuras del Doctor Dolittle', '5', '4'),
('2020-05-30', '19:00:00', 'Las aventuras del Doctor Dolittle', '5', '1'),
('2020-05-30', '21:30:00', 'Las aventuras del Doctor Dolittle', '5', '1'),
('2020-05-30', '00:30:00', 'Las aventuras del Doctor Dolittle', '5', '1'),
('2020-05-30', '19:00:00', 'Jumanji: Siguiente nivel', '2', '5'),
('2020-05-30', '21:30:00', 'Jumanji: Siguiente nivel', '2', '5'),
('2020-05-30', '00:15:00', 'Jumanji: Siguiente nivel', '2', '5'),
('2020-05-30', '22:30:00', 'Jumanji: Siguiente nivel', '3', '1'),
('2020-05-30', '23:00:00', 'Parásitos', '1', '1'),
('2020-05-31', '12:00:00', 'Onward', '1', '4'),
('2020-05-31', '15:00:00', 'Onward', '1', '1'),
('2020-05-31', '18:00:00', 'Onward', '1', '1'),
('2020-05-31', '18:30:00', 'Adú', '4', '1'),
('2020-05-31', '20:30:00', 'Adú', '1', '1'),
('2020-05-31', '21:30:00', 'Adú', '4', '1'),
('2020-05-31', '21:30:00', 'Adú', '4', '1'),
('2020-05-31', '00:15:00', 'Adú', '4', '1'),
('2020-05-31', '19:00:00', 'Parásitos', '3', '1'),
('2020-05-31', '12:00:00', 'Frozen 2', '3', '4'),
('2020-05-31', '15:00:00', 'Frozen 2', '3', '1'),
('2020-05-31', '17:00:00', 'Frozen 2', '5', '1'),
('2020-05-31', '12:00:00', 'Las aventuras del Doctor Dolittle', '5', '4'),
('2020-05-31', '19:00:00', 'Las aventuras del Doctor Dolittle', '5', '1'),
('2020-05-31', '21:30:00', 'Las aventuras del Doctor Dolittle', '5', '1'),
('2020-05-31', '00:30:00', 'Las aventuras del Doctor Dolittle', '5', '1'),
('2020-05-31', '19:00:00', 'Jumanji: Siguiente nivel', '2', '5'),
('2020-05-31', '21:30:00', 'Jumanji: Siguiente nivel', '2', '5'),
('2020-05-31', '00:15:00', 'Jumanji: Siguiente nivel', '2', '5'),
('2020-05-31', '22:30:00', 'Jumanji: Siguiente nivel', '3', '1'),
('2020-05-31', '23:00:00', 'Parásitos', '1', '1'),
('2020-06-01', '15:00:00', 'Onward', '1', '1'),
('2020-06-01', '18:00:00', 'Onward', '1', '1'),
('2020-06-01', '18:30:00', 'Adú', '4', '1'),
('2020-06-01', '20:30:00', 'Adú', '1', '1'),
('2020-06-01', '21:30:00', 'Adú', '4', '1'),
('2020-06-01', '19:00:00', 'Parásitos', '3', '1'),
('2020-06-01', '15:00:00', 'Frozen 2', '3', '1'),
('2020-06-01', '17:00:00', 'Frozen 2', '5', '1'),
('2020-06-01', '19:00:00', 'Las aventuras del Doctor Dolittle', '5', '1'),
('2020-06-01', '21:30:00', 'Las aventuras del Doctor Dolittle', '5', '1'),
('2020-06-01', '19:00:00', 'Jumanji: Siguiente nivel', '2', '5'),
('2020-06-01', '21:30:00', 'Jumanji: Siguiente nivel', '2', '5'),
('2020-06-01', '22:30:00', 'Jumanji: Siguiente nivel', '3', '1'),
('2020-06-01', '23:00:00', 'Parásitos', '1', '1'),
('2020-06-02', '15:00:00', 'Onward', '1', '1'),
('2020-06-02', '18:00:00', 'Onward', '1', '1'),
('2020-06-02', '18:30:00', 'Adú', '4', '1'),
('2020-06-02', '20:30:00', 'Adú', '1', '1'),
('2020-06-02', '21:30:00', 'Adú', '4', '1'),
('2020-06-02', '19:00:00', 'Parásitos', '3', '1'),
('2020-06-02', '15:00:00', 'Frozen 2', '3', '1'),
('2020-06-02', '17:00:00', 'Frozen 2', '5', '1'),
('2020-06-02', '19:00:00', 'Las aventuras del Doctor Dolittle', '5', '1'),
('2020-06-02', '21:30:00', 'Las aventuras del Doctor Dolittle', '5', '1'),
('2020-06-02', '19:00:00', 'Jumanji: Siguiente nivel', '2', '5'),
('2020-06-02', '21:30:00', 'Jumanji: Siguiente nivel', '2', '5'),
('2020-06-02', '22:30:00', 'Jumanji: Siguiente nivel', '3', '1'),
('2020-06-02', '23:00:00', 'Parásitos', '1', '1'),
('2020-06-03', '15:00:00', 'Onward', '1', '2'),
('2020-06-03', '18:00:00', 'Onward', '1', '2'),
('2020-06-03', '18:30:00', 'Adú', '4', '2'),
('2020-06-03', '20:30:00', 'Adú', '1', '2'),
('2020-06-03', '21:30:00', 'Adú', '4', '2'),
('2020-06-03', '19:00:00', 'Parásitos', '3', '2'),
('2020-06-03', '15:00:00', 'Frozen 2', '3', '2'),
('2020-06-03', '17:00:00', 'Frozen 2', '5', '2'),
('2020-06-03', '19:00:00', 'Las aventuras del Doctor Dolittle', '5', '2'),
('2020-06-03', '21:30:00', 'Las aventuras del Doctor Dolittle', '5', '2'),
('2020-06-03', '19:00:00', 'Jumanji: Siguiente nivel', '2', '5'),
('2020-06-03', '21:30:00', 'Jumanji: Siguiente nivel', '2', '5'),
('2020-06-03', '22:30:00', 'Jumanji: Siguiente nivel', '3', '2'),
('2020-06-03', '23:00:00', 'Parásitos', '1', '2'),
('2020-06-04', '15:00:00', 'Onward', '1', '3'),
('2020-06-04', '18:00:00', 'Onward', '1', '3'),
('2020-06-04', '18:30:00', 'Adú', '4', '3'),
('2020-06-04', '20:30:00', 'Adú', '1', '3'),
('2020-06-04', '21:30:00', 'Adú', '4', '3'),
('2020-06-04', '19:00:00', 'Parásitos', '3', '3'),
('2020-06-04', '15:00:00', 'Frozen 2', '3', '3'),
('2020-06-04', '17:00:00', 'Frozen 2', '5', '3'),
('2020-06-04', '19:00:00', 'Las aventuras del Doctor Dolittle', '5', '3'),
('2020-06-04', '21:30:00', 'Las aventuras del Doctor Dolittle', '5', '3'),
('2020-06-04', '19:00:00', 'Jumanji: Siguiente nivel', '2', '5'),
('2020-06-04', '21:30:00', 'Jumanji: Siguiente nivel', '2', '5'),
('2020-06-04', '22:30:00', 'Jumanji: Siguiente nivel', '3', '3'),
('2020-06-04', '23:00:00', 'Parásitos', '1', '3'),
('2020-06-05', '15:00:00', 'Onward', '1', '1'),
('2020-06-05', '18:00:00', 'Onward', '1', '1'),
('2020-06-05', '18:30:00', 'Adú', '4', '1'),
('2020-06-05', '20:30:00', 'Adú', '1', '1'),
('2020-06-05', '21:30:00', 'Adú', '4', '1'),
('2020-06-05', '21:30:00', 'Adú', '4', '1'),
('2020-06-05', '00:15:00', 'Adú', '4', '1'),
('2020-06-05', '19:00:00', 'Parásitos', '3', '1'),
('2020-06-05', '15:00:00', 'Frozen 2', '3', '1'),
('2020-06-05', '17:00:00', 'Frozen 2', '5', '1'),
('2020-06-05', '19:00:00', 'Las aventuras del Doctor Dolittle', '5', '1'),
('2020-06-05', '21:30:00', 'Las aventuras del Doctor Dolittle', '5', '1'),
('2020-06-05', '00:30:00', 'Las aventuras del Doctor Dolittle', '5', '1'),
('2020-06-05', '19:00:00', 'Jumanji: Siguiente nivel', '2', '5'),
('2020-06-05', '21:30:00', 'Jumanji: Siguiente nivel', '2', '5'),
('2020-06-05', '00:15:00', 'Jumanji: Siguiente nivel', '2', '5'),
('2020-06-05', '22:30:00', 'Jumanji: Siguiente nivel', '3', '1'),
('2020-06-05', '23:00:00', 'Parásitos', '1', '1'),
('2020-06-06', '12:00:00', 'Onward', '1', '4'),
('2020-06-06', '15:00:00', 'Onward', '1', '1'),
('2020-06-06', '18:00:00', 'Onward', '1', '1'),
('2020-06-06', '18:30:00', 'Adú', '4', '1'),
('2020-06-06', '20:30:00', 'Adú', '1', '1'),
('2020-06-06', '21:30:00', 'Adú', '4', '1'),
('2020-06-06', '21:30:00', 'Adú', '4', '1'),
('2020-06-06', '00:15:00', 'Adú', '4', '1'),
('2020-06-06', '19:00:00', 'Parásitos', '3', '1'),
('2020-06-06', '12:00:00', 'Frozen 2', '3', '4'),
('2020-06-06', '15:00:00', 'Frozen 2', '3', '1'),
('2020-06-06', '17:00:00', 'Frozen 2', '5', '1'),
('2020-06-06', '12:00:00', 'Las aventuras del Doctor Dolittle', '5', '4'),
('2020-06-06', '19:00:00', 'Las aventuras del Doctor Dolittle', '5', '1'),
('2020-06-06', '21:30:00', 'Las aventuras del Doctor Dolittle', '5', '1'),
('2020-06-06', '00:30:00', 'Las aventuras del Doctor Dolittle', '5', '1'),
('2020-06-06', '19:00:00', 'Jumanji: Siguiente nivel', '2', '5'),
('2020-06-06', '21:30:00', 'Jumanji: Siguiente nivel', '2', '5'),
('2020-06-06', '00:15:00', 'Jumanji: Siguiente nivel', '2', '5'),
('2020-06-06', '22:30:00', 'Jumanji: Siguiente nivel', '3', '1'),
('2020-06-06', '23:00:00', 'Parásitos', '1', '1'),
('2020-06-07', '12:00:00', 'Onward', '1', '4'),
('2020-06-07', '15:00:00', 'Onward', '1', '1'),
('2020-06-07', '18:00:00', 'Onward', '1', '1'),
('2020-06-07', '18:30:00', 'Adú', '4', '1'),
('2020-06-07', '20:30:00', 'Adú', '1', '1'),
('2020-06-07', '21:30:00', 'Adú', '4', '1'),
('2020-06-07', '21:30:00', 'Adú', '4', '1'),
('2020-06-07', '00:15:00', 'Adú', '4', '1'),
('2020-06-07', '19:00:00', 'Parásitos', '3', '1'),
('2020-06-07', '12:00:00', 'Frozen 2', '3', '4'),
('2020-06-07', '15:00:00', 'Frozen 2', '3', '1'),
('2020-06-07', '17:00:00', 'Frozen 2', '5', '1'),
('2020-06-07', '12:00:00', 'Las aventuras del Doctor Dolittle', '5', '4'),
('2020-06-07', '19:00:00', 'Las aventuras del Doctor Dolittle', '5', '1'),
('2020-06-07', '21:30:00', 'Las aventuras del Doctor Dolittle', '5', '1'),
('2020-06-07', '00:30:00', 'Las aventuras del Doctor Dolittle', '5', '1'),
('2020-06-07', '19:00:00', 'Jumanji: Siguiente nivel', '2', '5'),
('2020-06-07', '21:30:00', 'Jumanji: Siguiente nivel', '2', '5'),
('2020-06-07', '00:15:00', 'Jumanji: Siguiente nivel', '2', '5'),
('2020-06-07', '22:30:00', 'Jumanji: Siguiente nivel', '3', '1'),
('2020-06-07', '23:00:00', 'Parásitos', '1', '1');

INSERT INTO Usuario (nombre, apellidos, psw, email, administrador) VALUES
('Cristian', 'Baños Yelmo', 'd7da344a027998b76e4c08a54a54d023', 'cristian@gmail.com', true),
('Elena', 'Perez Fernández', 'f8032d5cae3de20fcec887f395ec9a6a', 'elena@gmail.com', false),
('José', 'Benitez Herrero' , 'f8032d5cae3de20fcec887f395ec9a6a', 'jose@gmail.com', false);

INSERT INTO Reserva (butacas, idProyeccion, idUsuario) VALUES
(2,1,2),
(3,2,3),
(2,22,3);

INSERT INTO Valoracion (valoracion, idUsuario, titulo) VALUES
(6,2,'Onward'),
(8,3,'Onward'),
(7,3,'Frozen 2');


